date,units_sold,address_line,city,state,zip_code
2019-02-22 21:02:38,15,6101 AVALON,CA,USA,90003-1632
2018-10-21 01:31:19,15,8319 S  BROADWAY,CA,USA,90003-2846
2018-07-31 22:38:23,10,7619 1/2 S  MAIN,CA,USA,90003-2547
2017-05-19 03:06:49,10,6801 CONVERSE,CA,USA,90001-2025
2019-01-10 10:34:58,15,1411 E  61ST,CA,USA,
2018-04-12 13:39:55,12,10210 S  FIGUEROA,CA,USA,90003-4460
2017-09-05 00:39:57,12,800 E  82ND,CA,USA,90001-3224
2019-05-05 04:38:23,19,7200 WADSWORTH,CA,USA,90001-2342
2018-03-24 14:12:40,16,7001 S SAN PEDRO,CA,USA,90003-2213
2019-01-03 00:56:40,15,10221 COMPTON,CA,USA,90002-2805
2018-01-03 01:58:35,17,200 W  91ST,CA,USA,
2018-08-28 23:28:06,17,800 E CENTURY,CA,USA,90002-2726
2018-10-12 16:30:52,13,400 E 61ST,CA,USA,90003-1621
2018-02-19 01:38:05,19,400 W SLAUSON,CA,USA,90003-1040
2018-12-11 12:34:35,-2,244 E  61ST,CA,USA,90003-1256
2017-06-19 21:01:44,7,201 W  FLORENCE,CA,USA,90003-1806
2017-07-19 10:20:18,0,1300 E  61ST,CA,USA,90001-1219
2019-04-22 18:20:11,14,6107 AVALON,CA,USA,90003-1648
2018-05-04 11:32:56,4,10500 S BROADWAY,CA,USA,90003-4670
2019-12-18 03:30:31,19,650 N MADISON,CA,USA,90004-2297
2019-01-19 18:30:15,-2,616 E  89TH,CA,USA,90002-1600
2018-07-08 09:53:46,8,500 N WESTMORELAND,CA,USA,90004-2211
2019-05-09 18:20:39,-1,407 N  WILTON,CA,USA,
2019-04-02 00:49:14,3,1308 E  67TH,CA,USA,90001-1959
2019-09-02 03:12:05,-2,628 N  HARVARD,CA,USA,90004-1933
2019-10-12 19:26:28,16,6350 AVALON,CA,USA,90003-1641
2018-04-20 07:57:47,18,7200 AVALON,CA,USA,
2019-10-23 09:22:16,19,1140 E  58TH,CA,USA,90001-1106
2019-01-28 17:47:26,-3,1551 PO BOX,CA,USA,90001-0551
2019-07-06 17:48:41,13,301 N JUNE,CA,USA,90004-1041
2019-11-06 05:08:05,-2,1801 RANDOLPH,CA,USA,90001-1435
2020-01-01 12:01:53,0,1200 E 103RD,CA,USA,90002-3301
2019-10-18 04:14:31,16,1950 FIRESTONE,CA,USA,90001-4154
2019-08-17 09:03:33,10,100 E  97TH,CA,USA,90003-4202
2019-08-05 19:24:13,17,709 E  79TH,CA,USA,90001-3258
2018-10-31 23:03:41,17,1500 E  102ND,CA,USA,90002-3338
2018-01-17 17:20:52,5,7701 S BROADWAY,CA,USA,90003-2433
2017-10-24 20:11:16,0,9101 S  ALAMEDA,CA,USA,90002-1845
2017-06-23 01:33:24,15,8300 MAIE,CA,USA,90001-3929
2018-02-23 18:12:55,13,10501 ANZAC,CA,USA,90002-3730
2019-10-08 10:05:17,9,7717 S  MAIN,CA,USA,90003-2445
2017-08-22 02:41:37,7,8760 S  MAIN,CA,USA,90003-3468
2018-09-30 00:57:16,-3,640 N  KINGSLEY,CA,USA,90004-1925
2019-01-23 08:56:55,-2,1527 E  84TH,CA,USA,90001-3953
2019-11-12 09:10:33,0,1739 E 69TH,CA,USA,90001-2010
2018-07-03 22:56:37,8,501 N  ROSSMORE,CA,USA,
2017-02-05 12:10:09,10,100 E  91ST,CA,USA,
2017-04-22 10:56:43,10,636 N WINDSOR,CA,USA,90004-1415
2018-05-14 15:54:04,14,5701 CLINTON,CA,USA,90004-1233
2017-12-19 12:17:21,15,8315 S CENTRAL,CA,USA,90001-3754
2017-03-17 19:30:36,16,8800 GRAHAM,CA,USA,
2019-09-26 20:05:39,5,7901 STANFORD,CA,USA,90001-3233
2018-11-22 08:09:22,-2,9301 PACE,CA,USA,90002-2112
2019-01-01 02:33:14,-3,6200 S  CENTRAL,CA,USA,90001-1636
2019-05-17 05:44:12,5,9901 GRAPE,CA,USA,90002-3112
2018-11-03 06:41:40,10,5924 1/2 S OLIVE,CA,USA,90003-1129
2018-10-28 17:43:13,16,506 N  NORMANDIE,CA,USA,90004-2044
2019-01-21 23:14:24,-1,3750 MIDDLEBURY,CA,USA,
2018-03-09 12:22:17,15,8400 ZAMORA,CA,USA,90001-3829
2019-01-07 06:29:18,16,1200 E  FLORENCE,CA,USA,90001-2433
2019-08-28 09:05:31,16,6701 S ALAMEDA,CA,USA,90001-2123
2017-01-20 08:31:14,10,1401 E 83RD,CA,USA,90001-3821
2017-10-05 12:50:51,-2,10131 BEACH,CA,USA,90002-2914
2019-03-27 20:34:14,18,455 N  WILTON,CA,USA,90004-1651
2017-03-11 04:33:13,8,10125 BEACH,CA,USA,90002-2974
2017-08-02 22:41:42,1,8401 MCKINLEY,CA,USA,90001-3636
2018-02-06 00:13:13,12,9518 AVALON,CA,USA,90003-4345
2018-09-26 08:28:58,12,1101 E  60TH,CA,USA,90001-1117
2017-03-16 01:10:07,-1,7201 AVALON,CA,USA,
2017-08-20 07:04:03,16,100 W  91ST,CA,USA,
2018-04-14 21:14:06,-1,1747 E 103RD,CA,USA,90002-3917
2017-02-03 03:33:13,-3,400 W 68TH,CA,USA,
2017-05-29 16:32:56,18,645 E  COLDEN,CA,USA,90002-1931
2018-12-05 15:27:00,6,1221 PO BOX,CA,USA,90001-0221
2018-09-09 08:08:41,11,9208 S SAN PEDRO,CA,USA,90003-3865
2018-12-08 11:52:40,2,9401 KALMIA,CA,USA,90002-2641
2020-01-10 06:44:11,14,519 N NORMANDIE,CA,USA,90004-2009
2019-11-30 14:42:29,10,4150 CLINTON,CA,USA,90004-2135
2018-06-22 07:28:47,18,10601 S SAN PEDRO,CA,USA,90003-4933
2017-06-12 14:19:56,19,514 N  NORMANDIE,CA,USA,90004-2046
2019-05-14 09:28:09,18,401 W 90TH,CA,USA,90003-3221
2017-09-20 06:12:18,-1,10206 S BROADWAY,CA,USA,90003-4559
2019-07-02 05:56:02,-1,800 E 103RD,CA,USA,90002-3244
2018-11-10 08:25:48,6,1501 E 82ND,CA,USA,90001-3817
2018-10-09 19:58:25,12,1650 E  82ND,CA,USA,90001-3955
2018-08-31 01:13:32,18,401 N  ROSSMORE,CA,USA,
2018-08-29 13:38:35,-2,8519 S  MAIN,CA,USA,90003-2941
2017-09-19 07:48:15,11,600 N  WESTERN,CA,USA,90004-1717
2018-10-08 23:04:03,4,7801 MAIE,CA,USA,
2017-10-16 01:33:09,9,1134 1/2 E  CENTURY,CA,USA,90002-3342
2019-01-26 03:26:03,8,9330 SUCCESS,CA,USA,90002-2240
2017-08-09 05:34:37,-3,356 1/2 E 97TH,CA,USA,90003-4349
2019-05-23 19:46:34,7,856 E MANCHESTER,CA,USA,90001-3663
2018-11-18 05:09:33,6,8001 S MAIN,CA,USA,90003-2407
2019-06-22 19:43:58,-2,9300 BAIRD,CA,USA,90002-2107
2017-07-23 14:12:29,7,9901 STANFORD,CA,USA,90002-2740
2017-06-25 19:53:15,19,2001 FIRESTONE,CA,USA,90001-4127
2017-07-18 02:04:28,3,8511 S  MAIN,CA,USA,90003-2922
2017-07-19 23:52:31,18,1801 E  81ST,CA,USA,
2017-10-07 20:33:35,11,6821 S  BROADWAY,CA,USA,90003-1857
2019-01-11 08:00:06,3,155 E 87TH,CA,USA,90003-3438
2017-12-30 16:40:14,4,7501 MCKINLEY,CA,USA,90001-2331
2017-05-17 09:21:29,1,855 E 83RD,CA,USA,90001-3648
2018-03-07 14:55:38,-1,1801 E  88TH,CA,USA,90002-1453
2018-03-29 09:51:53,13,500 N VERMONT,CA,USA,90004-2115
2018-04-09 21:37:38,17,9001 STANFORD,CA,USA,90002-1647
2018-06-29 02:34:24,8,8500 S SAN PEDRO,CA,USA,90003-3014
2019-01-01 15:23:42,17,5037 ROSEWOOD,CA,USA,90004-1784
2017-07-28 22:33:20,19,632 1/2 N  PLYMOUTH,CA,USA,90004-1453
2018-07-06 03:50:29,16,1301 E  91ST,CA,USA,90002-1735
2018-12-27 11:48:37,12,2051 E  76TH,CA,USA,90001-2762
2018-02-14 00:10:52,0,1201 E 80TH,CA,USA,90001-3303
2019-12-05 07:04:48,-2,7800 S  FIGUEROA,CA,USA,90003-2780
2019-08-09 08:39:56,15,6201 AVALON,CA,USA,90003-1634
2018-11-09 23:31:58,13,641 N  PLYMOUTH,CA,USA,90004-1443
2018-05-03 09:52:27,8,401 E  64TH,CA,USA,90003-1603
2017-11-03 06:14:54,-3,10140 BEACH,CA,USA,90002-2947
2017-07-31 22:10:25,0,432 N  VIRGIL,CA,USA,90004-2368
2018-10-09 12:32:48,6,627 N  ALEXANDRIA,CA,USA,90004-2125
2017-12-08 20:07:40,1,301 N VAN NESS,CA,USA,90004-1523
2019-11-27 12:20:27,4,525 N ARDMORE,CA,USA,90004-2025
2018-11-18 09:50:26,-1,7614 S MAIN,CA,USA,90003-2500
2017-02-28 00:49:38,9,817 E GAGE,CA,USA,90001-1587
2017-10-31 10:06:51,11,1508 E  62ND,CA,USA,90001-1300
2019-12-12 12:09:41,-3,8400 LOU DILLON,CA,USA,90001-4142
2017-06-30 23:06:44,18,9526 S CENTRAL,CA,USA,90002-2057
2018-02-06 02:07:08,13,601 N  SERRANO,CA,USA,90004-1792
2018-08-09 11:34:18,-3,9301 FIRTH,CA,USA,90002-2224
2019-06-25 12:15:48,6,9719 CLOVIS,CA,USA,90002-2039
2017-11-02 12:28:53,19,540 N  ROSSMORE,CA,USA,
2017-07-27 23:11:05,-1,162 W  61ST,CA,USA,90003-1402
2019-06-11 17:58:45,10,400 W  63RD,CA,USA,90003-1007
2018-10-25 04:33:07,1,10415 S BROADWAY,CA,USA,90003-4666
2018-03-27 09:23:26,-1,4619 ROSEWOOD,CA,USA,90004-1890
2017-05-11 15:02:30,-2,1930 NADEAU,CA,USA,90001-3500
2019-03-16 06:44:31,14,10146 BEACH,CA,USA,90002-2949
2018-01-02 21:56:25,9,743013 PO BOX,CA,USA,90004-0890
2018-10-26 21:00:15,17,901 E  73RD,CA,USA,90001-2440
2017-03-19 01:49:41,-2,8753 S  CENTRAL,CA,USA,90002-1162
2018-05-18 03:44:22,19,304 N  ROSSMORE,CA,USA,90004-2462
2017-02-25 21:12:41,7,551 N KINGSLEY,CA,USA,90004-1910
2017-11-21 06:19:16,2,9001 S FIGUEROA,CA,USA,90003-3229
2017-07-03 06:09:56,-3,241 W 88TH,CA,USA,
2018-06-03 07:26:02,15,427 E 84TH,CA,USA,90003-3137
2018-06-02 20:32:58,6,1326 E  68TH,CA,USA,90001-1958
2018-03-27 22:49:39,6,9400 GRAPE,CA,USA,90002-2531
2017-04-29 04:09:20,-3,900 E  93RD,CA,USA,90002-1903
2017-04-12 23:17:43,16,5881 MIRAMONTE,CA,USA,90001-1333
2017-03-12 07:55:17,19,1133 E 60TH,CA,USA,90001-1117
2017-11-21 06:09:37,15,654 N NORMANDIE,CA,USA,90004-2037
2018-09-14 01:55:14,12,10500 WILMINGTON,CA,USA,90002-3704
2019-10-25 23:26:31,6,1309 E  76TH,CA,USA,90001-3072
2019-09-25 17:48:46,18,7500 MIRAMONTE,CA,USA,90001-2645
2018-07-07 08:17:06,-3,6600 HOLMES,CA,USA,90001-2130
2018-02-19 07:45:57,5,7751 COMPTON,CA,USA,90001-2655
2017-06-11 17:31:48,-3,106 E  71ST,CA,USA,90003-2155
2019-12-23 10:50:31,13,10001 BEACH,CA,USA,90002-2936
2019-10-09 14:55:59,19,254 W  78TH,CA,USA,90003-2458
2018-11-18 16:34:35,16,10601 S  BROADWAY,CA,USA,90003-4669
2018-01-25 02:27:29,2,641 N NORMANDIE,CA,USA,90004-2088
2017-08-11 14:31:48,8,900 E  85TH,CA,USA,90001-3726
2017-03-19 18:48:53,11,10401 STANFORD,CA,USA,90002-3266
2019-06-05 19:39:28,-2,9801 TOWNE,CA,USA,90003-4330
2018-07-16 13:37:31,18,1650 E CENTURY,CA,USA,
2017-05-18 13:44:03,18,200 E 83RD,CA,USA,
2017-09-23 06:04:34,16,601 N KINGSLEY,CA,USA,90004-1912
2019-12-26 22:39:11,14,607 1/2 N BRONSON,CA,USA,90004-1460
2018-12-11 14:35:51,-1,1566 E  92ND,CA,USA,90002-2478
2018-09-19 20:43:38,15,600 N ARDEN,CA,USA,90004-1202
2019-02-14 02:04:45,-1,10106 S  MAIN,CA,USA,90003-4645
2019-07-20 05:44:08,-2,6324 S  BROADWAY,CA,USA,90003-1462
2019-05-19 09:52:24,7,9250 MAIE,CA,USA,90002-2382
2018-04-11 00:39:53,15,6801 MCKINLEY,CA,USA,90001-1525
2019-08-24 08:58:45,-3,1201 E  66TH,CA,USA,90001-1622
2019-01-15 23:39:11,1,132 W  FLORENCE,CA,USA,
2019-10-06 17:43:54,17,9300 TOWNE,CA,USA,90003-3800
2018-12-23 08:31:29,4,4151 CLINTON,CA,USA,90004-2150
2017-12-17 10:44:29,-3,9216 BELHAVEN,CA,USA,90002-2008
2017-12-02 15:08:04,7,5100 MAPLEWOOD,CA,USA,90004-1637
2019-05-11 17:59:26,2,628 1/2 N WINDSOR,CA,USA,90004-1422
2019-08-13 19:45:36,10,1343 E  83RD,CA,USA,
2019-09-16 09:05:12,15,101 E  82ND,CA,USA,90003-2521
2018-06-07 12:23:41,-3,1300 E  CENTURY,CA,USA,
2017-10-05 20:25:48,0,400 E 67TH,CA,USA,90003-1904
2018-09-16 06:27:35,13,519 N  ARDMORE,CA,USA,90004-2030
2017-12-02 19:48:38,8,9504 KALMIA,CA,USA,90002-2663
2019-12-31 05:19:39,6,8400 ZAMORA,CA,USA,
2018-12-04 21:17:51,12,8850 WALL,CA,USA,90003-3446
2019-04-12 03:31:21,3,200 W  81ST,CA,USA,90003-2430
2019-04-29 23:48:42,0,455 W 80TH,CA,USA,90003-2782
2019-11-21 02:06:20,6,8000 S BROADWAY,CA,USA,90003-2460
2018-12-21 03:21:00,9,7600 S FLOWER,CA,USA,90003-1767
2017-05-14 18:14:25,17,1800 E  92ND,CA,USA,90002-2474
2019-11-19 15:57:01,10,7700 HOOPER,CA,USA,90001-3041
2018-04-12 23:02:55,12,7225 S SAN PEDRO,CA,USA,90003-2247
2018-12-22 08:07:54,15,1237 E 61ST,CA,USA,90001-1179
2017-05-10 01:24:19,10,1101 E FLORENCE,CA,USA,90001-2430
2018-07-02 00:53:55,18,7800 CROCKETT,CA,USA,90001-3121
2018-07-08 12:03:11,5,8414 S  FIGUEROA,CA,USA,90003-2700
2018-12-22 10:17:17,2,7801 S  CENTRAL,CA,USA,90001-2943
2018-05-31 10:07:40,8,6001 MIRAMONTE,CA,USA,90001-1327
2019-10-01 16:57:48,4,743083 PO BOX,CA,USA,90004-0923
2019-03-27 02:41:35,15,9100 S  CENTRAL,CA,USA,90002-1743
2018-04-02 05:34:37,9,7800 S  FIGUEROA,CA,USA,90003-2749
2018-03-08 21:58:56,19,73741 PO BOX,CA,USA,90003-0741
2019-10-03 13:09:14,-2,9601 S SAN PEDRO,CA,USA,90003-4324
2018-10-19 02:15:31,8,344 W 79TH,CA,USA,90003-2464
2019-12-02 07:40:54,12,200 W  78TH,CA,USA,90003-2412
2019-11-10 22:13:02,17,9200 PACE,CA,USA,
2019-11-15 05:03:49,17,6001 HOOPER,CA,USA,90001-1222
2017-10-17 04:39:17,-2,2050 E 105TH,CA,USA,
2019-06-04 01:55:01,5,151 E  95TH,CA,USA,90003-4245
2017-04-03 21:50:46,3,10305 GRANDEE,CA,USA,90002-3652
2019-10-03 04:12:30,-3,8200 S  BROADWAY,CA,USA,90003-2828
2017-07-16 21:03:27,1,5950 S CENTRAL,CA,USA,90001-1158
2019-09-11 02:18:59,13,1600 NADEAU,CA,USA,
2018-06-19 04:25:47,6,1700 E 92ND,CA,USA,90002-2401
2017-11-24 10:55:49,17,8700 S  FIR,CA,USA,90002-1514
2018-09-05 14:00:31,9,6519 MCKINLEY,CA,USA,90001-1550
2017-06-22 13:36:13,9,509 1/2 N  NORMANDIE,CA,USA,90004-2009
2018-03-22 19:55:05,18,8100 BELL,CA,USA,90001-3433
2017-11-24 05:03:24,8,10501 PARMELEE,CA,USA,
2018-01-16 21:16:01,2,449 W 78TH,CA,USA,90003-2778
2018-04-21 02:18:53,16,7514 S SAN PEDRO,CA,USA,90003-2340
2018-08-11 03:40:01,6,7600 CROCKETT,CA,USA,90001-3117
2019-04-22 23:37:43,-3,7801 COMPTON,CA,USA,
2018-09-05 03:08:44,14,315 W  65TH,CA,USA,90003-1452
2017-04-22 15:57:50,16,7800 S  FIGUEROA,CA,USA,90003-2780
2018-10-05 15:35:07,13,7625 S CENTRAL,CA,USA,90001-2999
2017-06-27 10:09:09,5,1601 E  69TH,CA,USA,90001-2011
2017-09-09 18:55:40,10,101 W  70TH,CA,USA,90003-1828
2017-03-18 21:30:55,8,9628 CROESUS,CA,USA,90002-2660
2019-08-02 13:54:26,1,6400 CONVERSE,CA,USA,90001-1720
2019-06-25 14:04:46,7,8500 HOOPER,CA,USA,90001-3743
2018-06-09 11:58:34,14,6100 S  CENTRAL,CA,USA,90001-1133
2018-02-16 06:28:45,-3,8900 S CENTRAL,CA,USA,90002-1738
2017-06-17 10:22:00,7,7901 BEACH,CA,USA,
2018-03-20 17:41:28,3,9900 ANZAC,CA,USA,90002-3005
2017-06-28 21:00:46,5,7000 S  FIGUEROA,CA,USA,90003-1718
2017-10-10 02:13:01,8,4425 MAPLEWOOD,CA,USA,90004-2098
2018-12-13 02:27:58,14,10407 S BROADWAY,CA,USA,90003-4664
2018-12-14 16:36:47,12,1650 E 66TH,CA,USA,90001-2059
2018-05-31 13:29:35,12,1501 E CENTURY,CA,USA,
2019-11-15 08:32:27,13,8801 AVALON,CA,USA,90003-3514
2018-05-23 20:55:55,2,6501 WILSON,CA,USA,
2019-09-26 18:09:18,3,1900 E 103RD,CA,USA,90002-3122
2019-02-08 09:24:05,17,100 E  81ST,CA,USA,90003-2545
2017-10-25 03:33:32,17,200 E  95TH,CA,USA,90003-4235
2017-10-16 20:55:01,11,101 E  102ND,CA,USA,90003-4705
2018-12-02 15:37:56,6,1747 E 103RD,CA,USA,90002-3917
2018-07-22 21:01:34,7,1801 E FLORENCE,CA,USA,90001-2220
2019-07-16 11:50:04,3,900 E  83RD,CA,USA,90001-3766
2017-12-19 12:15:31,4,7511 S MAIN,CA,USA,90003-2144
2018-11-15 20:13:46,-1,510 N  HARVARD,CA,USA,90004-1944
2018-10-06 05:33:50,1,640 N BEACHWOOD,CA,USA,90004-1434
2018-01-20 14:00:11,6,1820 3/4 E CENTURY,CA,USA,90002-3056
2018-09-26 04:08:27,7,122 E MANCHESTER,CA,USA,90003-3400
2017-07-18 20:35:14,7,100 W 58TH,CA,USA,90003-1102
2017-12-13 01:10:38,19,159 E MANCHESTER,CA,USA,90003-3498
2019-05-01 22:40:44,12,100 W 70TH,CA,USA,
2018-09-08 23:18:38,3,8222 AVALON,CA,USA,
2018-09-29 00:49:18,12,649 N ARDMORE,CA,USA,90004-2068
2018-04-29 05:52:39,-3,1342 E  70TH,CA,USA,90001-1970
2019-04-08 03:10:47,14,314 1/2 E 85TH,CA,USA,
2019-01-09 03:19:07,9,2000 E  76TH,CA,USA,90001-3104
2018-08-13 00:28:57,-3,101 S MCCADDEN,CA,USA,90004-1051
2018-11-19 12:31:52,14,223 E 97TH,CA,USA,90003-4242
2019-10-20 01:29:07,12,645 WILCOX,CA,USA,90004-1120
2018-12-22 01:04:42,16,701 E 95TH,CA,USA,90002-1916
2018-08-13 21:40:36,7,7650 PARMELEE,CA,USA,90001-3063
2017-03-18 08:05:09,5,200 E FLORENCE,CA,USA,
2018-02-10 01:05:59,10,9400 CROESUS,CA,USA,
2017-03-31 20:06:53,0,5123 RALEIGH,CA,USA,90004-1632
2019-06-18 21:36:50,17,1900 E  77TH,CA,USA,90001-3106
2017-01-20 11:14:32,0,8401 S  OLIVE,CA,USA,90003-2834
2019-07-03 23:18:01,13,6601 S GRAND,CA,USA,90003-1882
2017-06-17 02:38:32,2,200 E  61ST,CA,USA,90003-1232
2017-08-25 23:00:53,11,1601 E  91ST,CA,USA,90002-1304
2017-02-14 04:42:03,-1,2051 E  107TH,CA,USA,90002-3724
2018-11-10 08:35:51,13,9500 MAIE,CA,USA,90002-2349
2019-08-26 20:50:09,1,10500 COMPTON,CA,USA,90002-3633
2019-04-16 03:26:37,-1,427 E 82ND,CA,USA,90003-3150
2018-08-08 18:50:31,2,645 N ARDMORE,CA,USA,90004-2022
2018-04-06 15:01:56,-3,1600 E  83RD,CA,USA,90001-3908
2018-06-09 12:57:26,2,400 W  87TH,CA,USA,90003-3202
2019-05-01 04:19:11,6,443 N HOOVER,CA,USA,90004-2382
2018-12-30 13:46:00,8,401 E  CENTURY,CA,USA,90003-4823
2018-06-12 21:07:08,19,6850 COMPTON,CA,USA,90001-2052
2017-10-13 10:02:15,16,7900 WADSWORTH,CA,USA,90001-3242
2019-07-28 10:04:04,19,9501 JUNIPER,CA,USA,90002-2633
2017-06-30 00:50:58,1,8515 S  MAIN,CA,USA,
2019-12-29 12:36:52,19,10500 WADSWORTH,CA,USA,90002-3459
2017-10-25 14:21:21,6,6517 1/2 AVALON,CA,USA,90003-1943
2017-08-31 18:37:33,15,9526 FIRTH,CA,USA,90002-2233
2018-07-05 08:11:48,16,9000 BANDERA,CA,USA,90002-1415
2019-09-19 14:11:48,8,711 E 87TH,CA,USA,90002-1007
2019-02-18 04:09:41,6,701 E  76TH,CA,USA,90001-2803
2018-03-24 17:45:28,14,10200 S SPRING,CA,USA,90003-4635
2019-06-10 04:30:33,-1,410 N ROSSMORE,CA,USA,90004-2423
2019-02-14 03:44:33,-1,5158 1/2 CLINTON,CA,USA,90004-1680
2017-03-01 07:45:47,15,8801 GRAHAM,CA,USA,90002-1456
2019-11-26 18:43:11,-2,152 1/2 E 82ND,CA,USA,
2017-06-24 17:24:32,-2,522 N SERRANO,CA,USA,90004-1782
2018-01-08 02:25:15,18,233 W CENTURY,CA,USA,90003-4577
2019-02-28 05:48:15,12,10213 S  BROADWAY,CA,USA,
2017-07-05 22:02:13,6,1701 E 65TH,CA,USA,90001-2107
2019-08-03 11:53:09,9,500 E MANCHESTER,CA,USA,90003-3525
2018-04-16 05:07:32,15,5100 W 2ND,CA,USA,90004-1059
2018-07-02 11:17:18,-1,4933 1/2 MAPLEWOOD,CA,USA,90004-2563
2019-11-28 13:53:54,19,601 E 88TH,CA,USA,90002-1023
2017-11-30 11:41:36,0,552 N ARDMORE,CA,USA,
2019-12-14 18:55:37,9,246 E 87TH,CA,USA,90003-3441
2017-06-14 21:27:53,5,1691 PO BOX,CA,USA,90001-0691
2019-07-08 10:34:03,1,10003 GRAPE,CA,USA,90002-3175
2019-07-19 22:15:34,9,4017 CLINTON,CA,USA,90004-2189
2017-06-29 12:22:24,17,1400 E 69TH,CA,USA,90001-1910
2017-12-29 10:26:44,12,701 E  COLDEN,CA,USA,90002-1933
2018-09-26 04:30:23,3,537 N  OXFORD,CA,USA,90004-2722
2019-12-27 16:21:05,4,9800 ZAMORA,CA,USA,
2019-04-10 00:34:48,10,801 E  COLDEN,CA,USA,90002-1935
2019-12-28 19:33:18,-3,642 E COLDEN,CA,USA,90002-1930
2019-09-30 13:29:09,8,132 W FLORENCE,CA,USA,90003-1892
2018-11-17 16:37:55,-1,1400 E 78TH,CA,USA,90001-3018
2019-11-03 18:17:45,18,10101 S  CENTRAL,CA,USA,
2019-01-05 21:12:20,14,8101 HOLMES,CA,USA,90001-3438
2018-01-22 16:40:41,3,1300 E 104TH,CA,USA,90002-3529
2017-04-12 04:09:01,3,532 N WESTMORELAND,CA,USA,90004-2231
2018-10-15 20:18:29,4,1400 E  82ND,CA,USA,90001-3806
2017-09-01 21:53:25,-3,641 N  PLYMOUTH,CA,USA,90004-1443
2019-12-28 13:24:24,11,8701 HOLMES,CA,USA,90002-1440
2017-06-03 23:19:14,5,7019 1/2 HOLMES,CA,USA,90001-2208
2018-02-09 03:35:46,-2,260 E  93RD,CA,USA,90003-3747
2017-06-28 15:17:04,6,2127 E  97TH,CA,USA,90002-3145
2019-05-08 03:29:14,12,100 E 104TH,CA,USA,90003-4722
2017-11-30 13:00:29,9,9250 MAIE,CA,USA,90002-2378
2018-05-26 23:26:23,4,9201 S  CENTRAL,CA,USA,90002-2014
2017-08-09 18:29:49,-1,7618 AVALON,CA,USA,90003-2342
2017-03-21 16:08:12,17,731 E  87TH,CA,USA,90002-1009
2019-02-09 08:22:50,4,501 N SERRANO,CA,USA,90004-2717
2019-09-05 22:35:51,3,7000 CONVERSE,CA,USA,90001-2508
2019-01-24 23:05:01,7,4847 ROSEWOOD,CA,USA,90004-2539
2019-08-10 22:54:58,-2,900 E 105TH,CA,USA,90002-3433
2019-09-10 21:28:21,-3,10136 BEACH,CA,USA,
2018-04-30 16:12:36,-3,901 E 102ND,CA,USA,
2017-05-23 02:37:28,7,5900 S  GRAND,CA,USA,90003-1123
2018-01-03 23:48:25,17,5134 CLINTON,CA,USA,90004-1600
2017-04-09 19:34:22,6,9501 S  CENTRAL,CA,USA,
2019-04-12 19:27:48,8,8800 WADSWORTH,CA,USA,
2019-07-17 03:48:07,14,9900 GRAPE,CA,USA,90002-3111
2018-04-27 06:31:48,3,603 1/2 N  BRONSON,CA,USA,90004-1403
2017-08-09 13:23:58,18,1833 E 62ND,CA,USA,90001-1839
2018-11-04 00:44:54,19,501 E  87TH,CA,USA,90003-3501
2017-06-11 18:41:32,18,233 W CENTURY,CA,USA,
2017-05-31 04:35:33,15,8301 S  MAIN,CA,USA,90003-2917
2018-05-29 20:36:43,7,435 W 78TH,CA,USA,90003-2770
2019-03-04 06:14:35,-1,453 N OXFORD,CA,USA,90004-2732
2017-07-13 01:59:50,19,6400 HOLMES,CA,USA,90001-2148
2019-08-03 11:13:09,17,646 N  JUANITA,CA,USA,90004-2292
2017-03-13 23:31:23,12,1600 E 66TH,CA,USA,90001-2003
2019-03-29 09:48:06,7,7501 S  SAN PEDRO,CA,USA,90003-2311
2019-01-23 16:22:24,11,701 E  85TH,CA,USA,90001-3626
2017-12-03 20:25:16,11,636 N  ST ANDREWS,CA,USA,90004-1778
2018-01-29 16:45:25,5,1650 E  60TH,CA,USA,
2018-04-18 20:07:04,15,8101 S MAIN,CA,USA,90003-2515
2017-04-15 09:14:11,3,6101 S ALAMEDA,CA,USA,90001-1810
2017-10-02 13:13:49,15,8300 MIRAMONTE,CA,USA,90001-3939
2019-09-30 04:04:18,3,1400 E 68TH,CA,USA,90001-1999
2017-12-05 13:01:19,3,10109 WILMINGTON,CA,USA,90002-2900
2018-08-08 07:47:54,18,5860 AVALON,CA,USA,90003-1397
2019-03-25 05:37:57,9,423 E 82ND,CA,USA,90003-3149
2018-12-29 08:19:56,12,1715 E 69TH,CA,USA,90001-2063
2019-09-21 05:02:53,2,401 E  62ND,CA,USA,90003-1626
2019-06-17 16:42:43,8,9418 GRAHAM,CA,USA,90002-2465
2019-08-29 10:53:40,-2,1412 E  75TH,CA,USA,90001-3079
2018-12-18 16:23:51,18,10140 1/4 BEACH,CA,USA,90002-2947
2018-05-24 10:26:11,10,1400 NADEAU,CA,USA,90001-3026
2017-07-27 06:47:50,6,205 W  89TH,CA,USA,90003-3643
2019-01-27 03:28:02,7,304 N ROSSMORE,CA,USA,
2018-02-25 13:55:45,8,5901 LILLIAN,CA,USA,
2019-08-06 18:43:27,13,5950 S MAIN,CA,USA,90003-1275
2018-03-28 21:41:06,0,900 E  93RD,CA,USA,90002-1903
2019-05-10 17:39:24,10,303 W  59TH,CA,USA,90003-1137
2017-02-28 21:22:09,6,451 N WILTON,CA,USA,90004-1643
2019-09-25 19:14:26,11,6324 S  BROADWAY,CA,USA,90003-1462
2019-01-30 22:29:14,-2,439 E  81ST,CA,USA,90003-2653
2018-05-05 19:10:44,15,1957 E FLORENCE,CA,USA,90001-2700
2019-04-28 11:48:39,14,1241 E  76TH,CA,USA,90001-2459
2019-08-16 14:42:56,12,701 E 76TH,CA,USA,90001-2808
2019-09-12 06:26:47,-2,1626 E 85TH,CA,USA,90001-3975
2019-12-21 18:50:14,5,400 W 102ND,CA,USA,90003-4404
2017-09-26 19:13:04,14,1840 E 106TH,CA,USA,90002-3620
2018-10-12 06:34:03,6,5900 S FIGUEROA,CA,USA,90003-1018
2019-06-06 00:58:14,13,6401 MIRAMONTE,CA,USA,90001-1739
2018-01-07 14:39:35,-3,1500 E  80TH,CA,USA,90001-3404
2019-06-24 17:26:18,6,7400 CROCKETT,CA,USA,90001-2726
2017-11-19 16:40:27,1,200 W  COLDEN,CA,USA,90003-4151
2019-07-24 07:45:57,2,9914 S  BROADWAY,CA,USA,90003-4173
2018-05-13 23:10:38,19,1101 E  88TH,CA,USA,
2017-02-25 04:25:30,6,10200 S SPRING,CA,USA,90003-4635
2018-12-04 16:21:07,7,9015 S  MAIN,CA,USA,
2017-06-03 20:18:28,19,10601 WALL,CA,USA,90003-4744
2018-03-16 20:16:54,16,74781 PO BOX,CA,USA,90004-0781
2018-12-23 16:32:28,3,4906 ROSEWOOD,CA,USA,90004-2583
2018-10-31 16:44:18,8,6400 MIRAMONTE,CA,USA,90001-1740
2019-12-24 02:40:59,4,100 W  80TH,CA,USA,90003-2422
2018-04-07 04:49:38,2,459 N OXFORD,CA,USA,90004-2731
2017-05-03 02:50:44,11,301 W  66TH,CA,USA,90003-1814
2018-01-25 05:16:41,19,1228 E  70TH,CA,USA,90001-4200
2019-03-03 09:20:25,-2,937 E  92ND,CA,USA,90002-1639
2019-09-27 09:40:44,3,8300 S  GRAND,CA,USA,90003-2871
2019-12-14 06:25:04,3,10401 WEIGAND,CA,USA,90002-3865
2017-11-22 15:04:40,8,606 N LARCHMONT,CA,USA,
2017-08-13 06:08:29,4,410 N ROSSMORE,CA,USA,90004-2418
2019-09-01 16:31:59,9,801 E 104TH,CA,USA,90002-3254
2019-07-26 08:45:42,12,565 N  LARCHMONT,CA,USA,90004-1368
2018-04-18 11:19:58,9,4264 CLINTON,CA,USA,90004-2178
2019-11-09 15:05:26,15,100 E  66TH,CA,USA,90003-1522
2019-09-29 23:19:56,7,6122 S MAIN,CA,USA,
2019-04-04 06:02:10,15,8900 STANFORD,CA,USA,90002-1644
2018-08-13 01:41:37,9,7401 S  BROADWAY,CA,USA,90003-2033
2018-08-15 23:33:20,4,1301 E  69TH,CA,USA,90001-1917
2017-08-01 10:20:54,7,611 N  ST ANDREWS,CA,USA,90004-1754
2018-09-12 14:02:19,15,300 E 82ND,CA,USA,90003-3020
2018-07-20 05:50:20,1,6100 MIRAMONTE,CA,USA,90001-1330
2018-06-16 23:38:09,6,9216 BELHAVEN,CA,USA,90002-2008
2019-04-11 04:36:19,19,7653 HOOPER,CA,USA,
2019-01-09 06:53:16,11,8407 S  MAIN,CA,USA,90003-2919
2018-01-11 13:54:33,3,516 N  OXFORD,CA,USA,
2018-08-20 02:03:51,9,636 N MANHATTAN,CA,USA,90004-1733
2018-06-14 21:06:47,-1,1930 NADEAU,CA,USA,90001-3500
2018-06-03 03:01:21,7,743155 PO BOX,CA,USA,90004-0933
2018-12-19 11:20:36,14,101 E 73RD,CA,USA,90003-2109
2017-02-26 08:13:12,11,9504 KALMIA,CA,USA,
2018-06-30 08:26:09,19,151 E  95TH,CA,USA,90003-4245
2017-01-30 05:58:27,18,10510 S  FIGUEROA,CA,USA,90003-4466
2017-02-12 14:25:11,10,6800 MCKINLEY,CA,USA,90001-1526
2019-05-06 22:15:50,4,108 W  105TH,CA,USA,90003-4648
2018-05-02 18:04:45,-1,1391 PO BOX,CA,USA,90001-0391
2018-01-05 05:45:38,1,9601 CLOVIS,CA,USA,90002-2041
2019-02-21 07:38:56,17,401 N HOOVER,CA,USA,90004-2306
2017-07-30 14:26:01,10,8226 COMPTON,CA,USA,90001-3945
2017-03-19 03:38:51,11,8301 AVALON,CA,USA,90003-3109
2019-05-15 11:02:55,5,6413 1/2 AVALON,CA,USA,90003-1649
2019-01-28 14:46:57,3,401 W 87TH,CA,USA,90003-3201
2019-05-14 15:07:38,-1,9101 S  FIGUEROA,CA,USA,90003-3905
2018-10-31 16:14:22,13,535 N HOBART,CA,USA,90004-1874
2019-03-06 20:54:10,7,10129 BEACH,CA,USA,90002-2960
2017-07-23 22:37:14,9,572 N  VIRGIL,CA,USA,
2018-06-29 22:10:22,9,221 W  87TH,CA,USA,90003-3346
2017-11-15 13:14:20,12,1141 E  FLORENCE,CA,USA,90001-2467
2018-05-19 05:56:42,6,434 W  78TH,CA,USA,90003-2784
2017-04-30 14:28:25,-2,10400 CLOVIS,CA,USA,90002-3349
2018-11-28 17:32:52,3,655 N MANHATTAN,CA,USA,90004-1732
2019-01-02 05:31:05,16,1200 E  60TH,CA,USA,
2018-01-10 21:47:28,19,1000 PO BOX,CA,USA,
2017-05-08 15:54:39,-2,427 1/2 E  98TH,CA,USA,90003-4355
2017-08-02 11:30:16,11,1153 E  61ST,CA,USA,90001-1185
2018-11-19 20:29:20,15,4801 BEVERLY,CA,USA,90004-1601
2019-03-03 05:54:22,17,500 E MANCHESTER,CA,USA,90003-3525
2018-09-05 20:14:15,13,101 E  82ND,CA,USA,90003-2521
2019-12-01 23:06:08,16,72056 PO BOX,CA,USA,90002-0055
2019-09-23 01:41:08,0,8401 GRAHAM,CA,USA,90001-4042
2018-01-08 23:05:30,4,7300 S CENTRAL,CA,USA,90001-2423
2019-11-29 03:04:36,16,8600 S  FIR,CA,USA,90002-1512
2017-10-23 21:50:13,6,6303 S  SAN PEDRO,CA,USA,90003-1600
2019-11-23 04:24:53,13,6500 S  FLOWER,CA,USA,90003-1072
2019-10-09 07:30:59,7,5961 AVALON,CA,USA,90003-1344
2018-01-03 09:03:53,9,5900 S CENTRAL,CA,USA,90001-1129
2017-02-27 22:39:15,-1,626 N BERENDO,CA,USA,90004-2144
2018-04-27 15:18:08,0,200 E 67TH,CA,USA,90003-1504
2019-04-16 14:24:37,7,441 N VIRGIL,CA,USA,90004-2361
2020-01-11 09:23:04,15,8302 S  MAIN,CA,USA,90003-2929
2018-08-27 18:16:55,3,590 N  ROSSMORE,CA,USA,90004-2451
2019-03-28 07:18:39,12,101 E 62ND,CA,USA,90003-1233
2017-09-13 21:15:53,11,8400 MCKINLEY,CA,USA,90001-3607
2018-05-04 17:17:09,5,9800 WILMINGTON,CA,USA,90002-3038
2018-03-13 11:15:32,18,301 W 81ST,CA,USA,90003-2431
2018-04-14 13:48:47,12,2001 E 102ND,CA,USA,90002-3118
2019-08-07 11:10:18,4,8201 S FLOWER,CA,USA,90003-2766
2018-03-01 04:59:02,5,8700 ZAMORA,CA,USA,90002-1210
2018-06-19 23:27:25,3,7669 S  SAN PEDRO,CA,USA,
2017-05-10 03:42:39,8,10101 JUNIPER,CA,USA,90002-3140
2018-07-19 01:04:12,14,325 W 61ST,CA,USA,90003-1451
2017-10-12 10:09:06,16,9601 CLOVIS,CA,USA,90002-2041
2018-12-03 23:12:09,19,9305 KALMIA,CA,USA,90002-2666
2019-10-21 22:12:35,17,300 W 65TH,CA,USA,90003-1426
2018-12-06 19:54:55,19,4517 MAPLEWOOD,CA,USA,90004-1950
2019-08-17 06:50:40,-1,2101 E 105TH,CA,USA,90002-3802
2017-02-04 03:04:12,7,1535 E  92ND,CA,USA,90002-2331
2018-12-10 03:04:56,3,6001 S  CENTRAL,CA,USA,
2017-03-12 18:25:28,16,1801 E  61ST,CA,USA,
2018-07-29 23:41:56,6,6527 MCKINLEY,CA,USA,
2019-08-31 19:20:57,12,601 N VERMONT,CA,USA,90004-2174
2018-07-20 05:22:15,3,4851 BEVERLY,CA,USA,90004-1626
2017-02-14 21:52:11,17,600 CAMELOT,CA,USA,90002-1039
2017-04-07 06:01:50,5,600 N ARDEN,CA,USA,90004-1202
2018-05-01 05:34:53,2,200 E  106TH,CA,USA,
2018-07-12 17:22:26,16,10601 JUNIPER,CA,USA,90002-3822
2018-03-16 17:11:30,14,8468 AVALON,CA,USA,90003-3132
2018-04-17 19:07:54,7,6506 COMPTON,CA,USA,
2019-03-29 19:05:36,18,1600 E  84TH,CA,USA,90001-3912
2017-04-11 12:00:53,11,7906 S SAN PEDRO,CA,USA,
2019-04-13 03:14:13,13,400 W 84TH,CA,USA,
2019-02-25 08:16:41,18,1551 E 60TH,CA,USA,90001-1339
2017-05-30 07:17:31,10,8315 S CENTRAL,CA,USA,90001-3754
2019-07-02 12:21:50,12,304 N ROSSMORE,CA,USA,90004-2484
2019-12-18 13:03:10,15,4827 ROSEWOOD,CA,USA,90004-2542
2019-10-25 18:25:35,8,2301 E 96TH,CA,USA,90002-2620
2017-11-24 11:45:31,0,8222 AVALON,CA,USA,90003-3145
2017-02-06 22:00:05,6,701 E  106TH,CA,USA,90002-3438
2017-06-13 20:05:04,11,508 N  NORMANDIE,CA,USA,
2017-09-23 03:59:03,18,1101 E 80TH,CA,USA,
2018-05-31 06:42:46,13,7901 BEACH,CA,USA,90001-3422
2018-11-03 17:13:11,18,1321 E  77TH,CA,USA,90001-3060
2017-10-14 06:38:26,7,9100 STANFORD,CA,USA,90002-1649
2017-06-15 02:14:35,19,6601 HOOPER,CA,USA,90001-1278
2017-05-04 11:08:52,10,600 E  88TH,CA,USA,90002-1022
2019-02-19 03:41:59,14,1500 FIRESTONE,CA,USA,90001-3924
2017-02-22 11:00:02,18,6900 WILSON,CA,USA,90001-2245
2019-05-05 13:16:37,6,400 W 84TH,CA,USA,90003-2713
2017-07-25 22:32:57,-2,900 E CENTURY,CA,USA,90002-2728
2019-09-30 18:11:35,9,400 N  HOBART,CA,USA,90004-1800
2018-12-13 19:50:01,13,8916 AVALON,CA,USA,90003-3863
2019-12-08 07:45:37,13,10451 S FIGUEROA,CA,USA,90003-4453
2018-03-25 17:04:46,15,1520 E 85TH,CA,USA,90001-3968
2018-03-27 14:17:28,0,4611 ROSEWOOD,CA,USA,90004-1865
2019-12-07 08:48:21,19,1351 E 89TH,CA,USA,
2018-07-06 10:25:09,11,8700 CROCKER,CA,USA,90003-3556
2017-08-12 20:58:54,-3,5301 W  2ND,CA,USA,90004-1062
2018-06-27 23:07:01,9,6400 WILMINGTON,CA,USA,90001-2135
2017-09-29 10:18:59,18,9511 COMPTON,CA,USA,90002-2362
2019-12-08 13:00:10,4,4650 ROSEWOOD,CA,USA,90004-1835
2019-09-22 20:50:32,8,6101 AVALON,CA,USA,90003-1632
2017-11-12 01:48:59,6,1951 E  102ND,CA,USA,90002-3054
2018-02-27 17:17:53,3,8457 AVALON,CA,USA,90003-3134
2017-11-27 13:36:23,4,601 N HARVARD,CA,USA,90004-1908
2018-10-06 13:24:59,-2,518 N  NORMANDIE,CA,USA,90004-2049
2018-07-02 07:59:11,6,630 E  103RD,CA,USA,90002-3215
2017-03-07 01:53:45,17,9124 S  BROADWAY,CA,USA,90003-4052
2019-10-12 06:11:09,15,2101 E  92ND,CA,USA,90002-2509
2018-02-09 05:16:18,10,10000 WALL,CA,USA,90003-4714
2017-04-29 18:58:53,-1,10321 CLOVIS,CA,USA,90002-3333
2017-09-26 17:42:16,14,8251 WALL,CA,USA,90003-3044
2018-05-17 06:13:44,0,1501 E FLORENCE,CA,USA,90001-2535
2018-01-23 13:49:30,18,814 E  97TH,CA,USA,90002-2707
2018-06-12 08:56:30,10,1838 E 83RD,CA,USA,90001-4055
2019-05-07 06:56:53,17,9100 GRAHAM,CA,USA,90002-1436
2019-06-29 01:08:01,10,839 E 87TH,CA,USA,90002-1072
2018-11-29 18:37:04,19,5801 CLINTON,CA,USA,90004-1135
2019-04-25 07:01:06,17,7301 S  FLOWER,CA,USA,90003-1774
2017-03-16 07:22:57,4,507 E  65TH,CA,USA,90003-1956
2017-02-06 23:07:13,3,801 E  97TH,CA,USA,90002-2706
2019-10-04 17:32:01,12,7700 S  MAIN,CA,USA,90003-2463
2019-01-30 20:24:11,11,647 N JUANITA,CA,USA,90004-2238
2018-07-11 01:47:39,17,10201 GRAPE,CA,USA,90002-3174
2018-09-30 00:42:13,7,7524 S  SAN PEDRO,CA,USA,
2019-03-03 02:53:24,15,7900 AVALON,CA,USA,90003-2623
2017-10-13 03:26:49,0,156 W SLAUSON,CA,USA,90003-1168
2019-09-20 11:18:36,0,4847 ROSEWOOD,CA,USA,90004-2539
2018-06-18 17:14:37,0,615 E  89TH,CA,USA,90002-1635
2018-09-23 16:42:30,-3,8701 S  BROADWAY,CA,USA,90003-3321
2017-06-30 12:30:44,17,701 E  84TH,CA,USA,90001-3620
2019-09-27 21:03:03,9,233 W  CENTURY,CA,USA,90003-4577
2017-12-03 14:03:16,13,201 W COLDEN,CA,USA,90003-4129
2017-01-19 09:37:42,12,4449 MAPLEWOOD,CA,USA,
2018-12-04 11:55:10,10,225 E CENTURY,CA,USA,90003-4749
2019-03-08 20:42:16,0,5037 ROSEWOOD,CA,USA,90004-1784
2019-08-01 02:45:29,16,10601 S BROADWAY,CA,USA,90003-4596
2017-08-01 20:08:12,11,8925 S  FIGUEROA,CA,USA,90003-3261
2018-06-25 14:37:20,1,801 E 74TH,CA,USA,90001-2311
2018-12-10 05:47:38,7,8100 S FIGUEROA,CA,USA,
2017-04-05 20:39:15,-3,9100 S SAN PEDRO,CA,USA,90003-3841
2019-08-28 19:08:20,17,301 N VAN NESS,CA,USA,90004-1523
2017-04-22 21:12:31,11,10201 S OLIVE,CA,USA,90003-4571
2017-07-17 07:58:32,16,72061 PO BOX,CA,USA,90002-0061
2018-04-15 21:15:19,13,8500 S  BROADWAY,CA,USA,90003-3335
2017-12-30 17:50:15,9,101 E  94TH,CA,USA,90003-3733
2018-08-25 23:37:23,11,2101 FIRESTONE,CA,USA,90002-1545
2017-05-23 04:27:14,9,2100 E  102ND,CA,USA,90002-3119
2019-12-18 18:37:19,12,601 N  PLYMOUTH,CA,USA,90004-1420
2017-02-03 11:43:25,5,8200 BEACH,CA,USA,90001-4015
2017-08-09 20:57:36,14,1901 E  75TH,CA,USA,90001-2708
2017-08-16 14:40:25,18,8910 AVALON,CA,USA,90003-3819
2019-01-28 02:55:31,17,8717 AVALON,CA,USA,90003-3565
2017-11-21 05:00:21,-3,7514 S SAN PEDRO,CA,USA,90003-2340
2019-08-19 22:37:06,4,8600 S  FIR,CA,USA,90002-1512
2017-10-18 17:42:58,7,10300 ANTWERP,CA,USA,90002-3510
2017-01-31 02:06:24,14,2200 E  99TH,CA,USA,90002-3153
2019-08-10 03:00:10,-2,100 W  76TH,CA,USA,90003-2020
2019-01-20 09:48:05,6,9500 S  BROADWAY,CA,USA,90003-4060
2019-10-12 00:30:46,17,400 E 61ST,CA,USA,90003-1621
2019-08-21 11:14:02,-2,1501 E 62ND,CA,USA,90001-1305
2017-06-03 03:12:38,-3,201 E  102ND,CA,USA,90003-4707
2017-08-04 22:13:58,-2,655 N COMMONWEALTH,CA,USA,90004-2351
